{"stat.walkOneCm":16768,"stat.useItem.redstone.tungsten_ore":6,"achievement.openInventory":11,"stat.leaveGame":9,"stat.useItem.minecraft.flint_and_steel":1,"stat.useItem.minecraft.potion":1,"stat.flyOneCm":401695,"stat.deaths":1,"stat.jump":33,"stat.swimOneCm":2594,"stat.mineBlock.redstone.tungsten_ore":6,"stat.playOneMinute":55254,"stat.sneakTime":1214,"stat.crouchOneCm":876,"stat.timeSinceDeath":13249,"stat.useItem.redstone.tungsten_pickaxe":6,"stat.sprintOneCm":4031,"stat.useItem.minecraft.stone_slab2":23,"achievement.exploreAllBiomes":{"value":0,"progress":["Birch Forest Hills","Beach","DesertHills","Birch Forest","Roofed Forest","River","Forest","Ocean","Plains","Taiga","Desert","Extreme Hills"]},"stat.pickup.redstone.tungsten_ore":6,"stat.diveOneCm":1078}