{"stat.pickup.minecraft.bone":8,"stat.leaveGame":3,"stat.pickup.minecraft.arrow":8,"stat.useItem.redstone.block_breaker":6,"stat.jump":392,"stat.swimOneCm":4429,"stat.useItem.redstone.copper_axe":24,"stat.fallOneCm":7420,"stat.pickup.redstone.sulfur":9,"stat.pickup.minecraft.gunpowder":2,"stat.crouchOneCm":682,"stat.pickup.minecraft.spider_eye":4,"stat.pickup.minecraft.dirt":2,"stat.useItem.minecraft.stone_slab2":28,"achievement.exploreAllBiomes":{"value":0,"progress":["ForestHills","Beach","Ocean","River","Forest","Plains","Deep Ocean"]},"stat.useItem.minecraft.cooked_chicken":2,"stat.useItem.minecraft.water_bucket":1,"stat.pickup.minecraft.rotten_flesh":7,"stat.mineBlock.redstone.lead_ore":8,"stat.useItem.redstone.lead_ore":5,"stat.damageTaken":1235,"stat.pickup.minecraft.leather":2,"stat.pickup.minecraft.cobblestone":22,"stat.useItem.redstone.copper_ore":2,"stat.flyOneCm":227327,"stat.pickup.minecraft.wheat_seeds":4,"stat.useItem.redstone.sulfur_ore":3,"stat.useItem.minecraft.stone_pickaxe":1,"stat.useItem.minecraft.cooked_beef":1,"stat.damageDealt":5678,"stat.timeSinceDeath":7715,"stat.mineBlock.minecraft.dirt":1,"stat.pickup.minecraft.mutton":1,"stat.pickup.redstone.lead_ore":1,"stat.walkOneCm":75301,"stat.useItem.redstone.lead_pickaxe":9,"stat.mineBlock.minecraft.double_plant":2,"stat.drop.redstone.block_breaker":2,"stat.killEntity.Creeper":2,"stat.pickup.minecraft.string":6,"stat.useItem.redstone.copper_sword":55,"stat.entityKilledBy.Skeleton":1,"stat.pickup.minecraft.stone":8,"stat.pickup.redstone.lead":17,"stat.sprintOneCm":76109,"stat.entityKilledBy.Enderman":1,"stat.pickup.redstone.block_breaker":2,"stat.killEntity.Skeleton":7,"stat.killEntity.Horse":1,"achievement.openInventory":41,"stat.drop.redstone.lead_ore":1,"stat.useItem.minecraft.flint_and_steel":4,"stat.killEntity.Spider":4,"stat.mobKills":24,"stat.entityKilledBy.Creeper":2,"stat.deaths":4,"stat.drop":3,"stat.playOneMinute":35232,"stat.killEntity.Sheep":1,"stat.pickup.redstone.copper_ore":2,"stat.sneakTime":743,"stat.pickup.minecraft.wool":1,"stat.killEntity.Zombie":9,"stat.useItem.redstone.lead":2,"stat.mineBlock.minecraft.stone":2,"stat.mineBlock.minecraft.tallgrass":33,"stat.diveOneCm":2764,"stat.useItem.redstone.lead_sword":67}