{"stat.chestOpened":6,"stat.drop.counter_guns.magazine_.40":2,"stat.walkOneCm":51209,"stat.leaveGame":4,"stat.pickup.counter_guns.magazine_.40":5,"stat.jump":119,"stat.swimOneCm":998,"stat.pickup.minecraft.fence":2,"stat.climbOneCm":788,"stat.fallOneCm":2243,"stat.crouchOneCm":40618,"stat.sprintOneCm":52105,"stat.useItem.minecraft.fence":1,"achievement.exploreAllBiomes":{"value":0,"progress":["River","Ocean","Forest","Deep Ocean"]},"achievement.openInventory":23,"stat.damageTaken":1005,"stat.drop.minecraft.fence":3,"stat.flyOneCm":106931,"stat.deaths":5,"stat.drop":5,"stat.playOneMinute":37332,"stat.useItem.minecraft.cooked_beef":4,"stat.sneakTime":10323,"stat.timeSinceDeath":12006,"stat.diveOneCm":3324}