{"stat.useItem.minecraft.quartz_block":4319,"stat.useItem.minecraft.painting":216,"stat.leaveGame":53,"stat.useItem.minecraft.bookshelf":51,"stat.useItem.minecraft.glowstone":19,"stat.useItem.minecraft.planks":175,"stat.useItem.minecraft.nether_brick_stairs":57,"stat.useItem.minecraft.water_bucket":17,"stat.useItem.minecraft.sandstone_stairs":143,"stat.useItem.minecraft.birch_boat":7,"stat.useItem.minecraft.rail":74,"stat.pickup.minecraft.leather_boots":2,"stat.pickup.minecraft.record_ward":1,"stat.useItem.minecraft.anvil":6,"stat.useItem.minecraft.record_strad":1,"stat.killEntity.Villager":4,"stat.useItem.minecraft.spawn_egg":2,"stat.trappedChestTriggered":2,"stat.drop.minecraft.diamond_chestplate":3,"stat.useItem.minecraft.oak_stairs":5,"stat.furnaceInteraction":3,"stat.craftItem.minecraft.leather_helmet":3,"stat.useItem.minecraft.minecart":6,"stat.pickup.minecraft.furnace":1,"stat.useItem.minecraft.redstone":14,"stat.drop.minecraft.diamond_helmet":1,"stat.pickup.minecraft.leather_helmet":4,"stat.useItem.minecraft.trapdoor":1,"stat.useItem.minecraft.stained_glass":848,"stat.useItem.minecraft.fence":16,"stat.useItem.minecraft.stone_stairs":9,"stat.useItem.minecraft.dark_oak_door":2,"stat.useItem.minecraft.ice":6,"achievement.openInventory":604,"stat.pickup.minecraft.potion":6,"stat.useItem.minecraft.cauldron":6,"stat.mineBlock.minecraft.fence":1,"stat.useItem.minecraft.wooden_button":4,"stat.useItem.minecraft.hopper":10,"stat.pickup.minecraft.saddle":1,"stat.useItem.minecraft.dye":333,"stat.craftItem.minecraft.heavy_weighted_pressure_plate":1,"stat.deaths":45,"stat.useItem.minecraft.furnace_minecart":1,"stat.playOneMinute":1072842,"stat.pickup.minecraft.birch_door":103,"stat.useItem.minecraft.nether_brick":8,"stat.craftItem.minecraft.diamond_block":2,"stat.pickup.minecraft.sea_lantern":1,"stat.useItem.minecraft.jukebox":5,"stat.chestOpened":23,"stat.useItem.minecraft.splash_potion":14,"stat.recordPlayed":2,"stat.useItem.minecraft.stone":572,"stat.craftItem.minecraft.carpet":10,"stat.useItem.minecraft.ender_chest":2,"stat.craftItem.minecraft.quartz_block":4,"stat.fallOneCm":8171,"stat.useItem.minecraft.trapped_chest":1,"stat.crouchOneCm":35773,"stat.pickup.minecraft.rail":12,"stat.craftItem.minecraft.chest":1,"stat.useItem.minecraft.nether_brick_fence":13,"stat.craftItem.minecraft.banner":1,"stat.pickup.minecraft.painting":30,"stat.craftingTableInteraction":10,"stat.drop.minecraft.stained_glass_pane":2,"stat.useItem.minecraft.golden_rail":13,"stat.useItem.minecraft.furnace":37,"stat.pickup.minecraft.dye":64,"stat.pickup.minecraft.planks":5,"stat.pickup.minecraft.iron_leggings":1,"stat.useItem.minecraft.enchanting_table":1,"stat.useItem.minecraft.wool":400,"stat.flowerPotted":12,"stat.useItem.minecraft.iron_bars":8,"stat.useItem.minecraft.torch":133,"stat.useItem.minecraft.log":327,"stat.useItem.minecraft.comparator":3,"stat.craftItem.minecraft.leather_boots":2,"stat.useItem.minecraft.gravel":34,"stat.pickup.minecraft.redstone_block":1,"stat.craftItem.minecraft.stone_button":3,"stat.pickup.minecraft.wooden_door":14,"stat.useItem.minecraft.birch_door":45,"stat.useItem.minecraft.acacia_boat":4,"stat.pickup.minecraft.diamond_helmet":5,"stat.useItem.minecraft.wooden_door":8,"stat.useItem.minecraft.spruce_door":2,"stat.pickup.minecraft.red_flower":3,"stat.sneakTime":50311,"stat.pickup.minecraft.wool":4,"stat.pickup.minecraft.cooked_fish":1,"stat.drop.minecraft.wooden_axe":2,"stat.craftItem.minecraft.leather_leggings":4,"stat.useItem.minecraft.record_ward":1,"stat.useItem.minecraft.repeater":5,"stat.useItem.minecraft.log2":1,"stat.useItem.minecraft.beacon":1,"stat.useItem.minecraft.skull":8,"stat.pickup.minecraft.leather_chestplate":3,"stat.useItem.minecraft.diamond_sword":34,"stat.swimOneCm":29636,"stat.useItem.minecraft.snow":21,"stat.climbOneCm":412,"stat.useItem.minecraft.end_rod":67,"stat.enderchestOpened":1,"stat.useItem.minecraft.obsidian":10,"stat.pickup.minecraft.furnace_minecart":1,"stat.useItem.minecraft.dirt":43,"stat.useItem.minecraft.stone_slab2":152,"achievement.exploreAllBiomes":{"value":0,"progress":["Sunflower Plains","ForestHills","Roofed Forest","Extreme Hills M","Plains","TaigaHills","Beach","Stone Beach","Extreme Hills+","River","Forest","Ocean","Taiga","Extreme Hills","Deep Ocean"]},"stat.useItem.minecraft.jungle_boat":1,"stat.useItem.minecraft.red_flower":13,"stat.useItem.minecraft.detector_rail":10,"stat.drop.minecraft.fence":1,"stat.mineBlock.minecraft.clay":8,"stat.pickup.minecraft.diamond_leggings":5,"stat.flyOneCm":7965216,"stat.useItem.minecraft.cooked_beef":4,"stat.drop.minecraft.clay_ball":25,"stat.craftItem.minecraft.emerald_block":1,"stat.pickup.minecraft.redstone":2,"stat.timeSinceDeath":138451,"stat.useItem.minecraft.sign":20,"stat.useItem.minecraft.wooden_slab":231,"stat.useItem.minecraft.iron_door":4,"stat.useItem.minecraft.lever":2,"stat.pickup.minecraft.wooden_axe":5,"stat.pickup.minecraft.carpet":6,"stat.drop.minecraft.wool":1,"stat.useItem.minecraft.armor_stand":55,"stat.talkedToVillager":4,"stat.drop.minecraft.spawn_egg":4,"stat.useItem.minecraft.milk_bucket":4,"stat.useItem.minecraft.sea_lantern":785,"stat.sprintOneCm":350055,"stat.useItem.minecraft.diamond_block":6,"stat.drop.minecraft.potion":7,"stat.useItem.minecraft.stone_slab":1725,"stat.craftItem.minecraft.stained_hardened_clay":2,"stat.useItem.minecraft.bed":16,"stat.useItem.minecraft.stone_pressure_plate":7,"stat.pickup.minecraft.diamond_chestplate":6,"stat.pickup.minecraft.leather_leggings":2,"stat.useItem.minecraft.bucket":1,"stat.mineBlock.minecraft.planks":2,"stat.drop":58,"stat.craftItem.minecraft.leather_chestplate":5,"stat.pickup.minecraft.stone_button":4,"stat.useItem.minecraft.cake":3,"stat.useItem.minecraft.banner":30,"stat.killEntity.Sheep":1,"stat.drop.minecraft.redstone_block":1,"stat.diveOneCm":234453,"stat.useItem.minecraft.sticky_piston":7,"stat.pickup.minecraft.sign":1,"stat.useItem.minecraft.quartz_stairs":230,"stat.useItem.minecraft.glass_bottle":1,"stat.useItem.minecraft.tnt_minecart":1,"stat.pickup.minecraft.stained_glass_pane":1,"stat.useItem.minecraft.carpet":545,"stat.useItem.minecraft.potion":11,"stat.useItem.minecraft.stained_glass_pane":693,"stat.pickup.minecraft.diamond_sword":2,"stat.craftItem.minecraft.diamond_sword":1,"stat.useItem.minecraft.flower_pot":12,"stat.jump":1985,"stat.useItem.minecraft.sand":126,"stat.pickup.minecraft.fence":1,"stat.useItem.minecraft.dark_oak_boat":8,"stat.useItem.minecraft.piston":23,"stat.drop.minecraft.diamond_sword":2,"stat.craftItem.minecraft.torch":1,"stat.useItem.minecraft.stone_button":13,"stat.boatOneCm":338,"stat.useItem.minecraft.sapling":51,"stat.craftItem.minecraft.flint_and_steel":34,"stat.useItem.minecraft.redstone_lamp":18,"stat.damageTaken":12304,"stat.useItem.minecraft.stone_brick_stairs":40,"stat.useItem.minecraft.gold_block":41,"stat.tradedWithVillager":1,"stat.craftItem.minecraft.sea_lantern":2,"stat.craftItem.minecraft.glowstone":3,"stat.useItem.minecraft.slime":9,"stat.pickup.minecraft.bed":18,"stat.useItem.minecraft.end_portal_frame":5,"stat.pickup.minecraft.emerald_block":2,"stat.damageDealt":6862,"stat.useItem.minecraft.crafting_table":21,"stat.craftItem.minecraft.stone_slab":47,"stat.useItem.minecraft.command_block":39,"stat.walkOneCm":1150157,"stat.playerKills":28,"stat.useItem.minecraft.chest":58,"stat.pickup.minecraft.clay_ball":25,"stat.useItem.minecraft.tnt":26,"stat.useItem.minecraft.emerald_block":3,"stat.useItem.minecraft.lava_bucket":6,"stat.useItem.minecraft.spruce_boat":10,"stat.useItem.minecraft.redstone_block":113,"stat.useItem.minecraft.item_frame":47,"stat.pickup.minecraft.stone":1,"stat.mineBlock.minecraft.wool":4,"stat.drop.minecraft.diamond_leggings":1,"stat.craftItem.minecraft.redstone":4,"stat.useItem.minecraft.stained_hardened_clay":689,"stat.useItem.minecraft.leaves":1184,"stat.drop.minecraft.command_block":2,"stat.useItem.minecraft.redstone_ore":3,"stat.useItem.minecraft.iron_block":13,"stat.drop.minecraft.diamond_boots":2,"stat.mobKills":5,"stat.pickup.minecraft.diamond_boots":4,"stat.useItem.minecraft.golden_apple":3,"stat.useItem.minecraft.hopper_minecart":1,"stat.pickup.minecraft.torch":46,"stat.useItem.minecraft.purpur_slab":4,"stat.useItem.minecraft.sandstone":8}