{"stat.beaconInteraction":1,"stat.useItem.minecraft.bow":1,"stat.useItem.minecraft.quartz_block":1338,"stat.useItem.minecraft.painting":233,"stat.leaveGame":184,"stat.pickup.minecraft.stone_slab2":1,"stat.useItem.minecraft.glowstone":183,"stat.craftItem.minecraft.shield":1,"stat.craftItem.minecraft.stone_pressure_plate":21,"stat.pickup.minecraft.rotten_flesh":489,"stat.useItem.minecraft.diamond_hoe":9,"stat.useItem.minecraft.sandstone_stairs":11,"stat.killEntity.Enderman":1,"stat.drop.minecraft.elytra":6,"stat.useItem.minecraft.anvil":1,"stat.killEntity.Villager":28,"stat.pickup.minecraft.stained_hardened_clay":1,"stat.craftItem.minecraft.wooden_pickaxe":21,"stat.craftItem.minecraft.iron_door":6,"stat.pickup.minecraft.double_plant":6,"stat.craftItem.minecraft.bed":48,"stat.craftItem.minecraft.glass_pane":108,"stat.drop.minecraft.diamond_chestplate":6,"stat.mineBlock.minecraft.sticky_piston":2,"stat.furnaceInteraction":4,"stat.craftItem.minecraft.leather_helmet":4,"stat.pickup.minecraft.prismarine":1,"stat.useItem.minecraft.trapdoor":3,"stat.useItem.minecraft.stained_glass":290,"stat.craftItem.minecraft.prismarine":88,"stat.useItem.minecraft.fence":142,"stat.drop.minecraft.lead":1,"achievement.openInventory":2446,"stat.craftItem.minecraft.daylight_detector":8,"stat.pickup.minecraft.potion":3,"stat.useItem.minecraft.dye":41,"stat.pickup.minecraft.lever":13,"stat.deaths":90,"stat.pickup.minecraft.egg":5,"stat.craftItem.minecraft.item_frame":83,"stat.pickup.minecraft.item_frame":4,"stat.pickup.minecraft.sea_lantern":2,"stat.craftItem.minecraft.repeater":13,"stat.chestOpened":81,"stat.useItem.minecraft.splash_potion":386,"stat.craftItem.minecraft.light_weighted_pressure_plate":16,"stat.craftItem.minecraft.sign":87,"stat.useItem.minecraft.stone":1538,"stat.pickup.minecraft.arrow":5,"stat.useItem.minecraft.ender_chest":1,"stat.craftItem.minecraft.quartz_block":7087,"stat.craftItem.minecraft.ender_chest":5,"stat.crouchOneCm":143992,"stat.pickup.minecraft.rail":6,"stat.pickup.minecraft.painting":16,"stat.drop.minecraft.slime_ball":27,"stat.craftingTableInteraction":67,"stat.pickup.minecraft.repeater":1,"stat.craftItem.minecraft.nether_brick":2,"stat.pickup.minecraft.dye":1152,"stat.pickup.minecraft.planks":1,"stat.pickup.minecraft.wheat_seeds":60,"stat.useItem.minecraft.enchanting_table":3,"stat.craftItem.minecraft.magma":55,"stat.mineBlock.minecraft.dirt":3,"stat.flowerPotted":21,"stat.pickup.minecraft.magma":1,"stat.useItem.minecraft.cobblestone":3,"stat.craftItem.minecraft.leather_boots":3,"stat.useItem.minecraft.gravel":89,"stat.minecartOneCm":20018,"stat.drop.minecraft.sapling":1,"stat.pickup.minecraft.chicken":1,"stat.craftItem.minecraft.brewing_stand":5,"stat.useItem.minecraft.tallgrass":6,"stat.pickup.minecraft.banner":57,"stat.useItem.minecraft.glass_pane":44,"stat.craftItem.minecraft.planks":685,"stat.itemEnchanted":8,"stat.useItem.minecraft.barrier":39,"stat.craftItem.minecraft.dirt":1203,"stat.craftItem.minecraft.wooden_door":113,"stat.useItem.minecraft.wooden_door":5,"stat.pickup.minecraft.iron_door":2,"stat.pickup.minecraft.red_flower":41,"stat.pickup.minecraft.wool":6,"stat.drop.minecraft.sea_lantern":1,"stat.drop.minecraft.grass":3,"stat.craftItem.minecraft.spruce_door":1,"stat.pickup.minecraft.bookshelf":1,"stat.craftItem.minecraft.quartz_stairs":699,"stat.breakItem.minecraft.diamond_leggings":2,"stat.useItem.minecraft.skull":5,"stat.pickup.minecraft.leather_chestplate":1,"stat.craftItem.minecraft.wool":2052,"stat.useItem.minecraft.snow":267,"stat.pickup.minecraft.sticky_piston":3,"stat.useItem.minecraft.obsidian":40,"stat.useItem.minecraft.mob_spawner":3,"stat.useItem.minecraft.stone_slab2":1334,"stat.craftItem.minecraft.dark_oak_door":32,"stat.craftItem.minecraft.furnace":43,"stat.craftItem.minecraft.lapis_block":112,"stat.useItem.minecraft.egg":26,"stat.pickup.minecraft.diamond_leggings":11,"stat.useItem.minecraft.brick_block":174,"stat.flyOneCm":41340993,"stat.pickup.minecraft.sandstone":1,"stat.craftItem.minecraft.stained_glass":1639,"stat.craftItem.minecraft.emerald_block":21,"stat.timeSinceDeath":23342,"stat.craftItem.minecraft.painting":599,"stat.useItem.minecraft.melon_block":6,"stat.cauldronFilled":8,"stat.useItem.minecraft.wooden_slab":70,"stat.craftItem.minecraft.beacon":26,"stat.useItem.minecraft.iron_door":5,"stat.craftItem.minecraft.iron_block":38,"stat.craftItem.minecraft.stonebrick":227,"stat.craftItem.minecraft.end_rod":144,"stat.mineBlock.minecraft.coal_ore":3,"stat.drop.minecraft.wool":3,"stat.killEntity.Creeper":2,"stat.useItem.minecraft.armor_stand":16,"stat.talkedToVillager":24,"stat.drop.minecraft.spawn_egg":67,"stat.craftItem.minecraft.jungle_stairs":13,"stat.killEntity.Squid":1,"stat.useItem.minecraft.dragon_egg":1,"stat.sprintOneCm":1607843,"stat.useItem.minecraft.diamond_block":37,"stat.useItem.minecraft.diamond_shovel":148,"stat.craftItem.minecraft.wooden_pressure_plate":12,"stat.craftItem.minecraft.redstone_lamp":46,"stat.pickup.minecraft.spawn_egg":9,"stat.craftItem.minecraft.leather_chestplate":4,"stat.pickup.minecraft.iron_block":1,"stat.killEntity.Zombie":49,"stat.craftItem.minecraft.dye":76,"stat.craftItem.minecraft.sandstone_stairs":53,"stat.diveOneCm":1151361,"stat.craftItem.minecraft.sandstone":323,"stat.useItem.minecraft.sticky_piston":25,"stat.pickup.minecraft.sign":15,"stat.drop.minecraft.bookshelf":1,"stat.pickup.minecraft.stained_glass_pane":2,"stat.useItem.minecraft.heavy_weighted_pressure_plate":2,"stat.drop.minecraft.sandstone":2,"stat.jump":9365,"stat.useItem.minecraft.sand":123,"stat.pickup.minecraft.coal":3,"stat.craftItem.minecraft.lever":10,"stat.drop.minecraft.diamond_sword":6,"stat.pickup.minecraft.gunpowder":1,"stat.craftItem.minecraft.torch":25,"stat.pickup.minecraft.dirt":9,"stat.craftItem.minecraft.sponge":7,"stat.drop.minecraft.dragon_egg":1,"stat.useItem.minecraft.dispenser":1,"stat.useItem.minecraft.glass":4,"stat.drop.minecraft.enchanting_table":1,"stat.useItem.minecraft.sapling":20,"stat.pickup.minecraft.command_block":4,"stat.damageTaken":1436251,"stat.useItem.minecraft.stone_brick_stairs":74,"stat.useItem.minecraft.end_crystal":7,"stat.mineBlock.minecraft.torch":1,"stat.useItem.minecraft.gold_block":63,"stat.pickup.minecraft.ender_eye":19,"stat.noteblockTuned":9,"stat.craftItem.minecraft.comparator":3,"stat.craftItem.minecraft.sea_lantern":2341,"stat.craftItem.minecraft.glowstone":53,"stat.useItem.minecraft.slime":7,"stat.pickup.minecraft.bed":2,"stat.pickup.minecraft.quartz_block":24,"stat.killEntity.Shulker":1,"stat.pickup.minecraft.potato":4,"stat.killEntity.Silverfish":1,"stat.craftItem.minecraft.stone_slab":6298,"stat.useItem.minecraft.command_block":39,"stat.useItem.minecraft.chest":74,"stat.useItem.minecraft.lava_bucket":1,"stat.useItem.minecraft.item_frame":11,"stat.useItem.minecraft.stained_hardened_clay":352,"stat.pickup.minecraft.ender_pearl":3,"stat.drop.minecraft.egg":1,"stat.useItem.minecraft.redstone_ore":21,"stat.pickup.minecraft.ladder":14,"stat.craftItem.minecraft.stained_glass_pane":868,"stat.craftItem.minecraft.bookshelf":153,"stat.craftItem.minecraft.purpur_stairs":20,"stat.mobKills":98,"stat.pickup.minecraft.diamond_boots":12,"stat.useItem.minecraft.boat":3,"stat.pickup.minecraft.torch":285,"stat.craftItem.minecraft.nether_brick_stairs":131,"stat.drop.minecraft.quartz_block":2,"stat.useItem.minecraft.purpur_slab":18,"stat.craftItem.minecraft.spruce_stairs":10,"stat.drop.minecraft.stone_slab2":1,"stat.useItem.minecraft.bookshelf":18,"stat.useItem.minecraft.soul_sand":6,"stat.useItem.minecraft.planks":718,"stat.pickup.minecraft.porkchop":2,"stat.useItem.minecraft.red_sandstone_stairs":9,"stat.useItem.minecraft.water_bucket":159,"stat.pickup.minecraft.sand":3,"stat.craftItem.minecraft.dark_oak_fence":120,"stat.aviateOneCm":817429,"stat.useItem.minecraft.ender_pearl":91,"stat.mineBlock.minecraft.sand":4,"stat.craftItem.minecraft.slime":8,"stat.hopperInspected":3,"stat.useItem.minecraft.spawn_egg":80,"stat.craftItem.minecraft.birch_door":62,"stat.craftItem.minecraft.hardened_clay":21,"stat.useItem.minecraft.oak_stairs":102,"stat.craftItem.minecraft.acacia_stairs":6,"stat.pickup.minecraft.wooden_button":32,"stat.drop.minecraft.stone_slab":3,"stat.pickup.minecraft.filled_map":6,"stat.useItem.minecraft.redstone":73,"stat.drop.minecraft.diamond_helmet":6,"stat.drop.minecraft.stained_hardened_clay":1,"achievement.mineWood":1,"stat.pickup.minecraft.end_rod":2,"stat.pickup.minecraft.skull":2,"stat.useItem.minecraft.stone_stairs":32,"stat.pickup.minecraft.acacia_door":1,"stat.craftItem.minecraft.fence_gate":13,"stat.useItem.minecraft.hopper":13,"stat.craftItem.minecraft.heavy_weighted_pressure_plate":5,"stat.playOneMinute":5082286,"stat.craftItem.minecraft.diamond_block":561,"stat.pickup.minecraft.iron_bars":1,"stat.pickup.minecraft.dispenser":2,"stat.craftItem.minecraft.carpet":1602,"stat.craftItem.minecraft.dark_oak_stairs":48,"stat.craftItem.minecraft.golden_rail":14,"stat.useItem.minecraft.quartz_ore":8,"stat.fallOneCm":127319,"stat.drop.minecraft.stone":1,"stat.drop.minecraft.dye":5,"stat.craftItem.minecraft.banner":423,"stat.craftItem.minecraft.chest":49,"stat.mineBlock.minecraft.lever":1,"stat.pickup.minecraft.heavy_weighted_pressure_plate":1,"stat.pickup.minecraft.feather":3,"stat.craftItem.minecraft.wooden_button":5,"stat.useItem.minecraft.furnace":1,"stat.pickup.minecraft.slime":2,"stat.craftItem.minecraft.dark_oak_fence_gate":2,"stat.pickup.minecraft.lead":1,"stat.mineBlock.minecraft.gravel":1,"stat.craftItem.minecraft.birch_stairs":1,"stat.useItem.minecraft.wool":715,"stat.craftItem.minecraft.oak_stairs":3,"stat.drop.minecraft.stick":1,"stat.useItem.minecraft.iron_bars":93,"stat.mineBlock.minecraft.monster_egg":1,"stat.useItem.minecraft.torch":40,"stat.craftItem.minecraft.redstone_block":148,"stat.pickup.minecraft.crafting_table":3,"stat.useItem.minecraft.log":254,"stat.craftItem.minecraft.crafting_table":20,"stat.pickup.minecraft.log":1,"stat.craftItem.minecraft.stone_button":20,"stat.drop.minecraft.planks":1,"stat.pickup.minecraft.sapling":7,"stat.pickup.minecraft.wooden_door":15,"stat.useItem.minecraft.birch_door":1,"stat.craftItem.minecraft.snow":157,"stat.pickup.minecraft.diamond_helmet":9,"stat.useItem.minecraft.wooden_pressure_plate":3,"stat.craftItem.minecraft.flower_pot":25,"stat.sneakTime":165452,"stat.pickup.minecraft.stone_slab":7,"stat.pickup.minecraft.yellow_flower":12,"stat.pickup.minecraft.golden_rail":5,"stat.craftItem.minecraft.enchanting_table":1,"stat.craftItem.minecraft.leather_leggings":4,"stat.useItem.minecraft.lapis_block":34,"stat.pickup.minecraft.bone":2,"stat.craftItem.minecraft.sticky_piston":14,"stat.pickup.minecraft.redstone_torch":34,"stat.pickup.minecraft.stone_pressure_plate":2,"stat.useItem.minecraft.repeater":4,"stat.useItem.minecraft.log2":143,"stat.mineBlock.minecraft.slime":2,"stat.craftItem.minecraft.stone_brick_stairs":129,"stat.useItem.minecraft.diamond_sword":276,"stat.swimOneCm":312014,"stat.climbOneCm":2628,"stat.craftItem.minecraft.gold_block":189,"stat.enderchestOpened":11,"stat.useItem.minecraft.redstone_torch":57,"stat.useItem.minecraft.dirt":497,"achievement.exploreAllBiomes":{"value":0,"progress":["Birch Forest Hills","Sunflower Plains","ForestHills","Birch Forest","Roofed Forest","Extreme Hills M","Plains","TaigaHills","The End","Beach","Stone Beach","Extreme Hills+","Ocean","Forest","River","Taiga","Extreme Hills","Swampland","Deep Ocean"]},"stat.pickup.minecraft.anvil":9,"stat.useItem.minecraft.leaves2":4,"stat.craftItem.minecraft.trapdoor":7,"stat.pickup.minecraft.cobblestone":139,"stat.mineBlock.minecraft.carpet":1,"stat.pickup.minecraft.glass_bottle":1,"stat.craftItem.minecraft.wooden_slab":531,"stat.useItem.minecraft.cooked_beef":11,"stat.pickup.minecraft.dragon_egg":3,"stat.pickup.minecraft.redstone":38,"stat.craftItem.minecraft.dispenser":4,"stat.craftItem.minecraft.acacia_door":7,"stat.useItem.minecraft.sign":82,"stat.pickup.minecraft.mutton":3,"stat.useItem.minecraft.noteblock":18,"stat.useItem.minecraft.lever":19,"stat.craftItem.minecraft.red_sandstone":6,"stat.pickup.minecraft.iron_shovel":1,"stat.pickup.minecraft.carpet":196,"stat.craftItem.minecraft.nether_brick_fence":30,"stat.craftItem.minecraft.brick_block":201,"stat.useItem.minecraft.sea_lantern":515,"stat.craftItem.minecraft.stone_slab2":41,"stat.drop.minecraft.anvil":1,"stat.craftItem.minecraft.chest_minecart":8,"stat.useItem.minecraft.stone_slab":2398,"stat.craftItem.minecraft.stained_hardened_clay":1525,"stat.entityKilledBy.Shulker":1,"stat.craftItem.minecraft.stone":1296,"stat.craftItem.minecraft.armor_stand":20,"stat.pickup.minecraft.grass":1,"stat.useItem.minecraft.stone_pressure_plate":25,"stat.useItem.minecraft.diamond_pickaxe":197,"stat.useItem.minecraft.ender_eye":188,"stat.drop.minecraft.dispenser":2,"stat.pickup.minecraft.diamond_chestplate":9,"stat.useItem.minecraft.bucket":2,"stat.drop":181,"stat.useItem.minecraft.chorus_plant":8,"stat.pickup.minecraft.stone_button":12,"stat.pickup.minecraft.slime_ball":999,"stat.drop.minecraft.redstone_block":1,"stat.pickup.minecraft.golden_chestplate":1,"stat.craftItem.minecraft.jukebox":4,"stat.craftItem.minecraft.piston":279,"stat.useItem.minecraft.quartz_stairs":72,"stat.pickup.minecraft.gravel":306,"stat.killEntity.Slime":2,"stat.useItem.minecraft.diamond_axe":56,"stat.useItem.minecraft.waterlily":5,"stat.useItem.minecraft.carpet":483,"stat.useItem.minecraft.potion":13,"stat.useItem.minecraft.stained_glass_pane":164,"stat.pickup.minecraft.diamond_sword":10,"stat.useItem.minecraft.bedrock":58,"stat.pickup.minecraft.fence":1,"stat.useItem.minecraft.piston":17,"stat.useItem.minecraft.stone_button":4,"stat.craftItem.minecraft.rail":23,"stat.craftItem.minecraft.end_crystal":2,"stat.boatOneCm":9034,"stat.craftItem.minecraft.flint_and_steel":14,"stat.useItem.minecraft.redstone_lamp":25,"stat.craftItem.minecraft.iron_bars":395,"stat.dispenserInspected":19,"stat.useItem.minecraft.wooden_pickaxe":1,"stat.drop.minecraft.stone_button":1,"stat.pickup.minecraft.reeds":6,"stat.craftItem.minecraft.birch_fence":328,"stat.pickup.minecraft.stained_glass":1,"stat.damageDealt":23510,"stat.craftItem.minecraft.glass":19,"stat.craftItem.minecraft.cauldron":13,"stat.sleepInBed":2,"stat.craftItem.minecraft.anvil":241,"stat.pickup.minecraft.minecart":1,"stat.killEntity.Pig":1,"stat.pickup.minecraft.piston":1,"stat.walkOneCm":6869462,"stat.playerKills":16,"stat.pickup.minecraft.stick":1,"stat.useItem.minecraft.emerald_block":42,"stat.pickup.minecraft.purpur_slab":2,"stat.craftItem.minecraft.birch_fence_gate":4,"stat.drop.minecraft.diamond_axe":1,"stat.useItem.minecraft.redstone_block":32,"stat.drop.minecraft.leather_chestplate":1,"stat.pickup.minecraft.stone":27,"stat.mineBlock.minecraft.wool":2,"stat.drop.minecraft.diamond_leggings":5,"stat.craftItem.minecraft.redstone":102,"stat.useItem.minecraft.leaves":139,"stat.drop.minecraft.command_block":2,"stat.craftItem.minecraft.minecart":96,"stat.useItem.minecraft.prismarine":336,"stat.killEntity.Skeleton":4,"stat.pickup.minecraft.barrier":1,"stat.killEntity.Chicken":1,"stat.useItem.minecraft.iron_block":3,"stat.killEntity.Spider":1,"stat.drop.minecraft.filled_map":3,"stat.drop.minecraft.diamond_boots":2,"stat.craftItem.minecraft.fence":26,"stat.useItem.minecraft.golden_apple":23,"stat.pickup.minecraft.water_bucket":2,"stat.mineBlock.minecraft.leaves":1,"stat.craftItem.minecraft.purpur_slab":150,"stat.pickup.minecraft.elytra":1,"stat.useItem.minecraft.map":13,"stat.mineBlock.minecraft.stone":187,"stat.useItem.minecraft.sandstone":88}