{"stat.walkOneCm":39251,"stat.pickup.minecraft.heavy_weighted_pressure_plate":3,"achievement.openInventory":18,"stat.leaveGame":1,"stat.aviateOneCm":6265,"stat.useItem.minecraft.heavy_weighted_pressure_plate":2,"stat.useItem.customnpcs.npcwand":1,"stat.flyOneCm":84177,"stat.drop.minecraft.heavy_weighted_pressure_plate":1,"stat.drop":1,"stat.jump":24,"stat.playOneMinute":8623,"stat.sneakTime":459,"stat.crouchOneCm":1587,"stat.timeSinceDeath":8623,"stat.sprintOneCm":1790,"stat.useItem.minecraft.stone_slab2":61,"achievement.exploreAllBiomes":{"value":0,"progress":["Roofed Forest","Plains","Extreme Hills"]}}