{"stat.pickup.redstone.mithril_boots":1,"stat.useItem.minecraft.end_bricks":2,"stat.pickup.minecraft.bone":1,"stat.drop.redstone.copper_hoe":1,"stat.pickup.minecraft.redstone_torch":2,"stat.craftItem.redstone.concrete_powder":320,"stat.useItem.minecraft.repeater":2,"stat.leaveGame":45,"stat.pickup.redstone.copper_leggings":1,"stat.drop.redstone.copper_sword":1,"stat.useItem.redstone.concrete":33,"stat.killEntity.PigZombie":5,"stat.swimOneCm":745,"stat.useItem.minecraft.planks":2,"stat.pickup.minecraft.porkchop":15,"stat.pickup.redstone.copper_boots":1,"stat.pickup.redstone.copper_axe":1,"stat.useItem.minecraft.stone_slab2":638,"stat.pickup.minecraft.bow":1,"achievement.exploreAllBiomes":{"value":0,"progress":["Mesa","River"]},"stat.useItem.minecraft.water_bucket":8,"stat.pickup.minecraft.rotten_flesh":10,"stat.drop.redstone.copper_shovel":1,"stat.pickup.minecraft.sand":70,"stat.drop.redstone.mithril_helmet":1,"stat.aviateOneCm":40068,"stat.pickup.redstone.copper_helmet":1,"stat.flyOneCm":425093,"stat.mineBlock.minecraft.sand":6,"stat.drop.redstone.copper_leggings":1,"stat.drop.redstone.mithril_leggings":1,"stat.timeSinceDeath":242764,"stat.useItem.redstone.tungsten_sword":28,"stat.useItem.minecraft.spawn_egg":30,"stat.killEntity.Creeper":1,"stat.drop.redstone.soul":5,"stat.pickup.redstone.copper_ingot":2,"stat.pickup.redstone.mithril_chestplate":1,"stat.pickup.minecraft.nether_star":8,"stat.pickup.redstone.lead":3,"stat.pickup.redstone.copper_shovel":1,"stat.sprintOneCm":12021,"stat.drop.redstone.copper_nugget":1,"achievement.openInventory":276,"stat.useItem.minecraft.flint_and_steel":5,"stat.useItem.minecraft.wooden_button":1,"stat.pickup.minecraft.lever":1,"stat.drop":26,"stat.playOneMinute":242764,"stat.pickup.minecraft.iron_block":3,"stat.pickup.minecraft.item_frame":15,"stat.killEntity.Zombie":7,"stat.drop.redstone.copper_chestplate":1,"stat.drop.minecraft.iron_ingot":1,"stat.diveOneCm":119,"stat.useItem.minecraft.splash_potion":22,"stat.craftItem.redstone.copper_ingot":4,"stat.pickup.minecraft.sign":1,"stat.pickup.redstone.copper_hoe":1,"stat.pickup.redstone.mithril_leggings":1,"stat.pickup.minecraft.gravel":64,"stat.pickup.minecraft.arrow":1,"stat.pickup.minecraft.gold_nugget":1,"stat.craftItem.redstone.tungsten_chestplate":1,"stat.jump":268,"stat.useItem.minecraft.sand":6,"stat.fallOneCm":994,"stat.pickup.minecraft.iron_ingot":1,"stat.pickup.minecraft.gunpowder":2,"stat.crouchOneCm":20441,"stat.drop.redstone.copper_helmet":1,"stat.craftingTableInteraction":21,"stat.useItem.minecraft.glass":4,"stat.pickup.minecraft.repeater":1,"stat.damageTaken":342,"stat.craftItem.redstone.copper_nugget":18,"stat.drop.redstone.lead":3,"stat.pickup.minecraft.dye":112,"stat.useItem.redstone.copper_shovel":6,"stat.useItem.redstone.concrete_powder":97,"stat.damageDealt":3834,"stat.useItem.minecraft.crafting_table":6,"stat.killEntity.Pig":8,"stat.walkOneCm":178442,"stat.drop.redstone.tungsten_block":1,"stat.pickup.redstone.copper_sword":1,"stat.pickup.minecraft.stick":2,"stat.useItem.minecraft.log":79,"stat.pickup.redstone.copper_nugget":1,"stat.pickup.redstone.tungsten_block":1,"stat.useItem.redstone.copper_sword":13,"stat.drop.redstone.mithril_chestplate":1,"stat.drop.redstone.copper_pickaxe":1,"stat.useItem.minecraft.redstone_block":2,"stat.useItem.minecraft.item_frame":80,"stat.useItem.redstone.mithril_axe":11,"stat.drop.redstone.copper_boots":1,"stat.useItem.redstone.mithril_sword":11,"stat.pickup.redstone.mithril_helmet":1,"stat.useItem.minecraft.redstone_ore":2,"stat.killEntity.Skeleton":3,"stat.pickup.redstone.soul":16,"stat.pickup.redstone.copper_chestplate":1,"stat.useItem.minecraft.iron_block":6,"stat.drop.redstone.mithril_boots":1,"stat.drop.redstone.copper_ingot":2,"stat.pickup.redstone.copper_pickaxe":1,"stat.drop.redstone.copper_axe":1,"stat.mobKills":24,"stat.useItem.minecraft.stonebrick":68,"stat.sneakTime":4591,"stat.useItem.redstone.lead_sword":4}