{"stat.walkOneCm":21738,"stat.useItem.minecraft.lever":1,"stat.leaveGame":7,"stat.killEntity.Slime":3,"stat.pickup.redstone.uranium":192,"stat.jump":35,"stat.useItem.minecraft.redstone":4,"stat.crouchOneCm":1721,"stat.pickup.minecraft.dirt":77,"stat.useItem.minecraft.dirt":1,"stat.sprintOneCm":2554,"stat.useItem.minecraft.stone_slab2":32,"achievement.exploreAllBiomes":{"value":0,"progress":["Plains"]},"achievement.openInventory":45,"stat.pickup.buildcraftcore.fragile_fluid_shard":37,"stat.pickup.redstone.compound":6,"stat.damageTaken":160,"stat.pickup.minecraft.bucket":1,"stat.drop.redstone.compound":6,"stat.mobKills":3,"stat.flyOneCm":28175,"stat.pickup.minecraft.lever":1,"stat.drop":6,"stat.playOneMinute":26371,"stat.sneakTime":567,"stat.pickup.minecraft.slime_ball":2,"stat.damageDealt":110,"stat.pickup.minecraft.redstone":2,"stat.timeSinceDeath":26371}