{"stat.beaconInteraction":1,"stat.useItem.redstone.corn_seeds":163,"stat.leaveGame":85,"stat.useItem.minecraft.bookshelf":32,"stat.drop.redstone.copper_sword":1,"stat.drop.redstone.lead_chestplate":1,"stat.useItem.minecraft.glowstone":2,"stat.killEntity.PigZombie":5,"stat.drop.redstone.mithril_ingot":1,"stat.entityKilledBy.PigZombie":1,"stat.pickup.minecraft.porkchop":16,"stat.useItem.minecraft.water_bucket":6,"stat.pickup.minecraft.rotten_flesh":7,"stat.pickup.minecraft.sand":427,"stat.drop.redstone.herkimer_diamond":3,"stat.pickup.redstone.tungsten_chestplate":1,"stat.pickup.minecraft.leather_boots":1,"stat.useItem.minecraft.anvil":3,"stat.killEntity.Villager":1,"stat.drop.minecraft.gold_ingot":19,"stat.useItem.redstone.tungsten_sword":140,"stat.hopperInspected":39,"stat.useItem.redstone.tungsten_pickaxe":1107,"stat.drop.minecraft.diamond":2,"stat.useItem.minecraft.iron_pickaxe":16,"stat.useItem.minecraft.spawn_egg":66,"stat.drop.minecraft.emerald_ore":1,"stat.pickup.minecraft.double_plant":2,"stat.pickup.redstone.lead_sword":1,"stat.pickup.redstone.sulfur_ore":64,"stat.furnaceInteraction":35,"stat.drop.redstone.tungsten_pickaxe":1,"stat.useItem.minecraft.double_plant":16,"stat.pickup.minecraft.beef":13,"stat.pickup.minecraft.furnace":1,"stat.useItem.minecraft.redstone":28,"stat.pickup.redstone.copper_ingot":104,"stat.useItem.redstone.mithril_shovel":16,"stat.useItem.redstone.lead_axe":1,"stat.pickup.redstone.tungsten_pickaxe":3,"achievement.mineWood":56,"stat.pickup.minecraft.leather_helmet":1,"stat.pickup.minecraft.iron_chestplate":1,"stat.useItem.minecraft.fence":10,"stat.drop.minecraft.furnace":1,"stat.killEntity.Horse":4,"achievement.openInventory":702,"stat.pickup.minecraft.potion":1,"stat.useItem.minecraft.flint_and_steel":131,"stat.useItem.minecraft.lingering_potion":27,"stat.useItem.minecraft.hopper":12,"stat.pickup.minecraft.emerald":25,"stat.useItem.minecraft.dye":184,"stat.mineBlock.minecraft.soul_sand":1,"stat.deaths":15,"stat.pickup.minecraft.egg":1,"stat.playOneMinute":485371,"stat.pickup.minecraft.birch_door":65,"stat.pickup.minecraft.item_frame":2,"stat.useItem.redstone.lead":225,"stat.drop.minecraft.iron_ingot":14,"stat.drop.redstone.copper_block":5,"stat.mineBlock.minecraft.tallgrass":27,"stat.pickup.minecraft.netherrack":53,"stat.chestOpened":23,"stat.useItem.minecraft.splash_potion":4,"stat.pickup.redstone.copper_block":15,"stat.pickup.redstone.corn":138,"stat.pickup.minecraft.spruce_door":64,"stat.craftItem.redstone.copper_ingot":19,"stat.useItem.minecraft.stone":54,"stat.mineBlock.minecraft.netherrack":88,"stat.pickup.minecraft.gold_nugget":3,"stat.craftItem.minecraft.coal":1,"stat.drop.minecraft.iron_pickaxe":1,"stat.mineBlock.minecraft.gold_block":5,"stat.fallOneCm":48001,"stat.drop.minecraft.stone":1,"stat.drop.minecraft.dye":1,"stat.useItem.redstone.corn":149,"stat.crouchOneCm":32431,"stat.pickup.redstone.tungsten_ore":2,"stat.pickup.redstone.copper_wire":55,"stat.useItem.minecraft.emerald_ore":27,"stat.craftingTableInteraction":22,"stat.useItem.redstone.copper_block":29,"stat.mineBlock.redstone.lead_ore":83,"stat.pickup.redstone.tungsten_helmet":1,"stat.pickup.redstone.corn_block":2,"stat.pickup.minecraft.repeater":64,"stat.pickup.minecraft.emerald_ore":1,"stat.useItem.redstone.lead_ore":82,"stat.craftItem.redstone.copper_block":7,"stat.useItem.minecraft.furnace":4,"stat.drop.redstone.lead":1,"stat.pickup.minecraft.dye":148,"stat.pickup.minecraft.iron_leggings":1,"stat.pickup.minecraft.wheat_seeds":2,"stat.useItem.minecraft.stone_pickaxe":3,"stat.mineBlock.minecraft.glass":1,"stat.useItem.minecraft.enchanting_table":13,"stat.mineBlock.minecraft.dirt":51,"stat.drop.redstone.tungsten_block":1,"stat.pickup.redstone.tungsten_leggings":1,"stat.useItem.redstone.copper_pickaxe":49,"stat.useItem.minecraft.log":86,"stat.useItem.minecraft.cobblestone":61,"stat.useItem.redstone.lead_pickaxe":1,"stat.pickup.redstone.tungsten_block":9,"stat.drop.redstone.block_breaker":3,"stat.mineBlock.minecraft.emerald_ore":25,"stat.pickup.minecraft.log":59,"stat.pickup.minecraft.bedrock":6,"stat.drop.redstone.copper_pickaxe":1,"stat.pickup.minecraft.iron_pickaxe":1,"stat.craftItem.minecraft.gold_ingot":1,"stat.pickup.minecraft.hopper":2,"stat.pickup.minecraft.chicken":1,"stat.drop.minecraft.gold_nugget":1,"stat.useItem.redstone.mithril_sword":60,"stat.useItem.minecraft.tallgrass":38,"stat.mineBlock.redstone.sulfur_ore":58,"stat.useItem.minecraft.birch_door":1,"stat.useItem.redstone.tungsten_ore":6,"stat.pickup.redstone.herkimer_diamond":126,"stat.itemEnchanted":77,"stat.pickup.redstone.copper_pickaxe":2,"stat.killEntity.WitherSkeleton":5,"stat.mineBlock.redstone.copper_block":9,"stat.useItem.minecraft.daylight_detector":3,"stat.mineBlock.minecraft.log":58,"stat.useItem.redstone.tungsten_block":66,"stat.pickup.minecraft.golden_sword":1,"stat.pickup.minecraft.iron_door":1,"stat.sneakTime":14266,"stat.drop.redstone.copper_wire":52,"stat.pickup.minecraft.wool":11,"stat.useItem.redstone.corn_block":1,"stat.useItem.redstone.copper_hoe":283,"stat.useItem.redstone.lead_sword":42,"stat.useItem.minecraft.lapis_block":1,"stat.pickup.minecraft.stone_pressure_plate":2,"stat.useItem.minecraft.iron_axe":14,"stat.mineBlock.minecraft.cobblestone":12,"stat.useItem.minecraft.beacon":2,"stat.pickup.redstone.corn_seeds":255,"stat.useItem.minecraft.skull":3,"stat.pickup.minecraft.leather_chestplate":1,"stat.useItem.minecraft.diamond_sword":19,"stat.useItem.redstone.block_breaker":98,"stat.swimOneCm":4177,"stat.useItem.redstone.copper_axe":44,"stat.pickup.redstone.sulfur":432,"stat.useItem.minecraft.dirt":67,"stat.useItem.redstone.tungsten_hoe":67,"stat.drop.minecraft.quartz":2,"stat.useItem.minecraft.stone_slab2":1181,"achievement.exploreAllBiomes":{"value":0,"progress":["Plains","Hell"]},"stat.pickup.minecraft.iron_boots":1,"stat.pickup.redstone.lead_boots":1,"stat.pickup.redstone.tungsten_boots":1,"stat.useItem.minecraft.egg":211,"stat.pickup.minecraft.anvil":37,"stat.useItem.minecraft.iron_ore":14,"stat.useItem.minecraft.golden_pickaxe":23,"stat.pickup.minecraft.cobblestone":165,"stat.useItem.redstone.copper_ore":68,"stat.pickup.minecraft.gold_block":45,"stat.flyOneCm":2025503,"stat.pickup.minecraft.soul_sand":1,"stat.useItem.minecraft.cooked_beef":49,"stat.pickup.minecraft.cactus":1,"stat.pickup.minecraft.redstone":82,"stat.pickup.redstone.lead_chestplate":1,"stat.mineBlock.minecraft.iron_ore":10,"stat.timeSinceDeath":63166,"stat.pickup.minecraft.quartz_ore":35,"stat.pickup.minecraft.mutton":13,"stat.useItem.minecraft.iron_door":1,"stat.useItem.minecraft.potato":1,"stat.mineBlock.redstone.copper_ore":66,"stat.useItem.redstone.tungsten_shovel":7,"stat.mineBlock.minecraft.coal_ore":10,"stat.talkedToVillager":3,"stat.craftItem.minecraft.stone_slab2":0,"stat.pickup.redstone.lead":193,"stat.sprintOneCm":292320,"stat.useItem.minecraft.diamond_block":1,"stat.pickup.redstone.block_breaker":87,"stat.useItem.minecraft.stone_slab":4,"stat.drop.redstone.copper_nugget":5,"stat.craftItem.minecraft.gold_nugget":9,"stat.mineBlock.minecraft.diamond_ore":34,"stat.pickup.minecraft.grass":2,"stat.useItem.redstone.mithril_pickaxe":103,"stat.useItem.minecraft.stone_pressure_plate":4,"stat.useItem.minecraft.diamond_pickaxe":103,"stat.useItem.minecraft.carrot":1,"stat.pickup.minecraft.diamond_chestplate":1,"stat.pickup.minecraft.leather_leggings":1,"stat.pickup.redstone.lead_leggings":1,"stat.drop":173,"stat.pickup.minecraft.stone_button":3,"stat.killEntity.Sheep":12,"stat.entityKilledBy.Slime":3,"stat.useItem.minecraft.diamond_ore":30,"stat.pickup.minecraft.slime_ball":89,"stat.pickup.minecraft.iron_block":6,"stat.killEntity.Zombie":1,"stat.craftItem.minecraft.dye":567,"stat.diveOneCm":578,"stat.drop.redstone.tungsten_sword":1,"stat.killEntity.Slime":190,"stat.pickup.minecraft.obsidian":1,"stat.useItem.minecraft.potion":4,"stat.pickup.minecraft.diamond_sword":2,"stat.useItem.minecraft.bedrock":7,"stat.jump":2112,"stat.useItem.minecraft.sand":10,"stat.pickup.minecraft.coal":10,"stat.pickup.minecraft.iron_helmet":1,"stat.pickup.minecraft.iron_ingot":14,"stat.pickup.redstone.mithril_ingot":1,"stat.drop.minecraft.diamond_sword":3,"stat.pickup.redstone.tungsten_sword":1,"stat.useItem.minecraft.coal_ore":19,"stat.useItem.minecraft.stone_button":3,"stat.pickup.minecraft.dirt":589,"stat.pickup.minecraft.iron_ore":10,"stat.useItem.minecraft.glass":9,"stat.pickup.minecraft.command_block":1,"stat.pickup.minecraft.leather":9,"stat.craftItem.redstone.copper_nugget":9,"stat.damageTaken":7688,"stat.useItem.minecraft.gold_block":3,"stat.useItem.minecraft.wooden_pickaxe":3,"stat.pickup.redstone.lead_helmet":1,"stat.useItem.redstone.sulfur_ore":540,"stat.pickup.redstone.tungsten_ingot":64,"stat.damageDealt":12774,"stat.craftItem.redstone.tungsten_ingot":37,"stat.killEntity.Cow":7,"stat.killEntity.Pig":9,"stat.walkOneCm":883088,"stat.pickup.redstone.copper_sword":1,"stat.useItem.minecraft.chest":2,"stat.pickup.redstone.copper_nugget":5,"stat.useItem.minecraft.tnt":1,"stat.useItem.minecraft.gold_ore":7,"stat.useItem.minecraft.lava_bucket":20,"stat.useItem.minecraft.item_frame":5,"stat.pickup.redstone.lead_ingot":64,"stat.pickup.minecraft.stone":1,"stat.pickup.minecraft.gold_ingot":15,"stat.killEntity.Chicken":4,"stat.useItem.minecraft.iron_block":9,"stat.drop.redstone.copper_ingot":40,"stat.mineBlock.minecraft.quartz_ore":839,"stat.mobKills":240,"stat.pickup.minecraft.quartz":891,"stat.useItem.redstone.lead_hoe":6,"stat.pickup.minecraft.diamond":47,"stat.drop.redstone.lead_ingot":5,"stat.pickup.redstone.copper_ore":74,"stat.pickup.minecraft.lava_bucket":64,"stat.drop.redstone.copper_ore":5,"stat.mineBlock.minecraft.stone":147}