{"stat.beaconInteraction":1,"stat.useItem.redstone.corn_seeds":11,"stat.useItem.minecraft.iron_axe":14,"stat.leaveGame":39,"stat.useItem.minecraft.beacon":2,"stat.useItem.minecraft.bookshelf":32,"stat.pickup.redstone.corn_seeds":6,"stat.drop.redstone.copper_sword":1,"stat.useItem.minecraft.skull":3,"stat.useItem.minecraft.diamond_sword":19,"stat.killEntity.PigZombie":1,"stat.useItem.redstone.copper_axe":44,"stat.pickup.minecraft.porkchop":16,"stat.useItem.minecraft.dirt":3,"stat.useItem.redstone.tungsten_hoe":21,"stat.useItem.minecraft.stone_slab2":773,"achievement.exploreAllBiomes":{"value":0,"progress":["Plains"]},"stat.pickup.minecraft.iron_boots":1,"stat.useItem.minecraft.water_bucket":2,"stat.pickup.redstone.tungsten_boots":1,"stat.pickup.redstone.tungsten_chestplate":1,"stat.useItem.minecraft.iron_ore":14,"stat.useItem.minecraft.golden_pickaxe":23,"stat.pickup.minecraft.cobblestone":60,"stat.useItem.redstone.copper_ore":68,"stat.pickup.minecraft.gold_block":5,"stat.useItem.minecraft.anvil":1,"stat.flyOneCm":586480,"stat.killEntity.Villager":1,"stat.drop.minecraft.gold_ingot":10,"stat.pickup.minecraft.redstone":18,"stat.mineBlock.minecraft.iron_ore":10,"stat.timeSinceDeath":14763,"stat.useItem.redstone.tungsten_sword":5,"stat.useItem.redstone.tungsten_pickaxe":11,"stat.drop.minecraft.diamond":1,"stat.useItem.minecraft.iron_pickaxe":16,"stat.pickup.minecraft.mutton":9,"stat.useItem.minecraft.iron_door":1,"stat.mineBlock.redstone.copper_ore":61,"stat.furnaceInteraction":16,"stat.mineBlock.minecraft.coal_ore":10,"stat.talkedToVillager":3,"stat.pickup.minecraft.beef":5,"stat.useItem.minecraft.redstone":28,"stat.pickup.redstone.copper_ingot":104,"stat.craftItem.minecraft.stone_slab2":0,"achievement.mineWood":56,"stat.sprintOneCm":92305,"stat.useItem.minecraft.diamond_block":1,"stat.pickup.minecraft.iron_chestplate":1,"stat.useItem.minecraft.fence":10,"stat.useItem.minecraft.stone_slab":4,"stat.drop.redstone.copper_nugget":5,"stat.killEntity.Horse":4,"achievement.openInventory":323,"stat.craftItem.minecraft.gold_nugget":9,"stat.mineBlock.minecraft.diamond_ore":34,"stat.useItem.minecraft.stone_pressure_plate":2,"stat.useItem.minecraft.diamond_pickaxe":87,"stat.useItem.minecraft.dye":15,"stat.deaths":1,"stat.drop":140,"stat.playOneMinute":215098,"stat.killEntity.Sheep":10,"stat.useItem.minecraft.diamond_ore":30,"stat.pickup.minecraft.slime_ball":5,"stat.pickup.minecraft.iron_block":5,"stat.drop.minecraft.iron_ingot":14,"stat.drop.redstone.copper_block":5,"stat.chestOpened":19,"stat.pickup.redstone.copper_block":14,"stat.craftItem.redstone.copper_ingot":19,"stat.useItem.minecraft.stone":23,"stat.killEntity.Slime":4,"stat.craftItem.minecraft.coal":1,"stat.pickup.minecraft.diamond_sword":2,"stat.mineBlock.minecraft.gold_block":5,"stat.useItem.minecraft.bedrock":7,"stat.jump":468,"stat.pickup.minecraft.coal":10,"stat.pickup.minecraft.iron_helmet":1,"stat.pickup.minecraft.iron_ingot":14,"stat.fallOneCm":10951,"stat.drop.minecraft.stone":1,"stat.drop.minecraft.dye":1,"stat.drop.minecraft.diamond_sword":2,"stat.crouchOneCm":7763,"stat.useItem.minecraft.coal_ore":19,"stat.useItem.minecraft.stone_button":1,"stat.pickup.minecraft.dirt":25,"stat.pickup.redstone.copper_wire":55,"stat.useItem.minecraft.emerald_ore":1,"stat.craftingTableInteraction":21,"stat.useItem.redstone.copper_block":29,"stat.pickup.minecraft.iron_ore":10,"stat.pickup.redstone.tungsten_helmet":1,"stat.pickup.redstone.corn_block":2,"stat.pickup.minecraft.leather":7,"stat.craftItem.redstone.copper_nugget":9,"stat.damageTaken":1132,"stat.craftItem.redstone.copper_block":7,"stat.useItem.minecraft.gold_block":3,"stat.useItem.minecraft.wooden_pickaxe":3,"stat.useItem.minecraft.furnace":1,"stat.pickup.minecraft.dye":1,"stat.pickup.minecraft.iron_leggings":1,"stat.useItem.minecraft.stone_pickaxe":3,"stat.useItem.minecraft.enchanting_table":13,"stat.damageDealt":2324,"stat.killEntity.Cow":3,"stat.killEntity.Pig":9,"stat.walkOneCm":282953,"stat.pickup.redstone.copper_sword":1,"stat.useItem.minecraft.chest":2,"stat.pickup.redstone.tungsten_leggings":1,"stat.useItem.redstone.copper_pickaxe":49,"stat.useItem.minecraft.log":86,"stat.pickup.redstone.copper_nugget":5,"stat.useItem.minecraft.gold_ore":7,"stat.pickup.minecraft.log":59,"stat.pickup.minecraft.bedrock":6,"stat.drop.redstone.copper_pickaxe":1,"stat.useItem.minecraft.item_frame":4,"stat.craftItem.minecraft.gold_ingot":1,"stat.pickup.minecraft.stone":1,"stat.pickup.minecraft.chicken":1,"stat.drop.minecraft.gold_nugget":1,"stat.pickup.minecraft.gold_ingot":10,"stat.killEntity.Chicken":4,"stat.itemEnchanted":67,"stat.useItem.minecraft.iron_block":9,"stat.drop.redstone.copper_ingot":40,"stat.pickup.redstone.copper_pickaxe":1,"stat.mineBlock.redstone.copper_block":8,"stat.useItem.minecraft.daylight_detector":3,"stat.mobKills":36,"stat.mineBlock.minecraft.log":58,"stat.pickup.minecraft.golden_sword":1,"stat.pickup.minecraft.diamond":35,"stat.pickup.minecraft.iron_door":1,"stat.pickup.redstone.copper_ore":66,"stat.sneakTime":3732,"stat.drop.redstone.copper_wire":52,"stat.pickup.minecraft.wool":6,"stat.pickup.minecraft.lava_bucket":64,"stat.drop.redstone.copper_ore":5,"stat.useItem.redstone.copper_hoe":234,"stat.mineBlock.minecraft.stone":60}